alignment columns,reference positions,A,C,G,T,insertions,other,ref_nucleotide,consensus_nucleotide,consensus %,alt_nucleotide,feature_type,codon,ref_aa,alt_codons,alt_aas,aa_pos,mutation,product,notes
336,241,0,22,0,14623,640,450,C,T,95.66895649329408,T,5'UTR,,,,,81.0,,,
766,670,2,0,15611,57,4,61,T,G,99.59806048232743,G,mat_peptide,AGT,S,AGG,R,135.0,S135R,leader protein,nsp1; produced by both pp1a and pp1ab
999,897,15160,442,0,2,0,131,C,A,97.15457574980773,A,mat_peptide,GCT,A,GAT,D,31.0,A31D,nsp2,produced by both pp1a and pp1ab
2924,2790,0,62,0,15031,0,642,C,T,99.58921354270191,T,mat_peptide,ACT,T,ATT,I,24.0,T24I,nsp3,"""former nsp1; conserved domains are: N-terminal acidic (Ac), predicted phosphoesterase, papain-like proteinase, Y-domain, transmembrane domain 1 (TM1), adenosine diphosphate-ribose 1''-phosphatase (ADRP); produced by both pp1a and pp1ab"""
3172,3037,0,10,0,15701,0,24,C,T,99.93635032779581,T,mat_peptide,TTC,F,TTT,F,106.0,F106F,nsp3,"""former nsp1; conserved domains are: N-terminal acidic (Ac), predicted phosphoesterase, papain-like proteinase, Y-domain, transmembrane domain 1 (TM1), adenosine diphosphate-ribose 1''-phosphatase (ADRP); produced by both pp1a and pp1ab"""
3568,3431,0,0,447,14450,0,838,G,T,96.99939585151373,T,mat_peptide,GTG,V,TTG,L,238.0,V238L,nsp3,"""former nsp1; conserved domains are: N-terminal acidic (Ac), predicted phosphoesterase, papain-like proteinase, Y-domain, transmembrane domain 1 (TM1), adenosine diphosphate-ribose 1''-phosphatase (ADRP); produced by both pp1a and pp1ab"""
3702,3565,0,14857,0,465,0,413,T,C,96.96514815298264,C,mat_peptide,GGT,G,GGC,G,282.0,G282G,nsp3,"""former nsp1; conserved domains are: N-terminal acidic (Ac), predicted phosphoesterase, papain-like proteinase, Y-domain, transmembrane domain 1 (TM1), adenosine diphosphate-ribose 1''-phosphatase (ADRP); produced by both pp1a and pp1ab"""
4323,4184,15632,0,22,0,0,81,G,A,99.8594608406797,A,mat_peptide,GGT,G,AGT,S,489.0,G489S,nsp3,"""former nsp1; conserved domains are: N-terminal acidic (Ac), predicted phosphoesterase, papain-like proteinase, Y-domain, transmembrane domain 1 (TM1), adenosine diphosphate-ribose 1''-phosphatase (ADRP); produced by both pp1a and pp1ab"""
4462,4321,0,90,0,15451,0,194,C,T,99.4208866868284,T,mat_peptide,GCC,A,GCT,A,534.0,A534A,nsp3,"""former nsp1; conserved domains are: N-terminal acidic (Ac), predicted phosphoesterase, papain-like proteinase, Y-domain, transmembrane domain 1 (TM1), adenosine diphosphate-ribose 1''-phosphatase (ADRP); produced by both pp1a and pp1ab"""
6336,6183,449,0,14996,0,0,290,A,G,97.09291032696666,G,mat_peptide,AAA,K,AGA,R,1155.0,K1155R,nsp3,"""former nsp1; conserved domains are: N-terminal acidic (Ac), predicted phosphoesterase, papain-like proteinase, Y-domain, transmembrane domain 1 (TM1), adenosine diphosphate-ribose 1''-phosphatase (ADRP); produced by both pp1a and pp1ab"""
8003,7842,27,0,15566,5,0,137,A,G,99.79484549301193,G,mat_peptide,AAC,N,AGC,S,1708.0,N1708S,nsp3,"""former nsp1; conserved domains are: N-terminal acidic (Ac), predicted phosphoesterase, papain-like proteinase, Y-domain, transmembrane domain 1 (TM1), adenosine diphosphate-ribose 1''-phosphatase (ADRP); produced by both pp1a and pp1ab"""
8457,8293,0,31,0,15668,0,36,C,T,99.80253519332442,T,mat_peptide,ACC,T,ACT,T,1858.0,T1858T,nsp3,"""former nsp1; conserved domains are: N-terminal acidic (Ac), predicted phosphoesterase, papain-like proteinase, Y-domain, transmembrane domain 1 (TM1), adenosine diphosphate-ribose 1''-phosphatase (ADRP); produced by both pp1a and pp1ab"""
8557,8393,15628,0,48,0,0,59,G,A,99.6937994386323,A,mat_peptide,GCT,A,ACT,T,1892.0,A1892T,nsp3,"""former nsp1; conserved domains are: N-terminal acidic (Ac), predicted phosphoesterase, papain-like proteinase, Y-domain, transmembrane domain 1 (TM1), adenosine diphosphate-ribose 1''-phosphatase (ADRP); produced by both pp1a and pp1ab"""
9510,9344,0,31,0,15655,0,49,C,T,99.80237154150198,T,mat_peptide,CTT,L,TTT,F,264.0,L264F,nsp4,nsp4B_TM; contains transmembrane domain 2 (TM2); produced by both pp1a and pp1ab
9591,9424,7,0,15610,20,0,98,A,G,99.82733260855663,G,mat_peptide,GTA,V,GTG,V,290.0,V290V,nsp4,nsp4B_TM; contains transmembrane domain 2 (TM2); produced by both pp1a and pp1ab
9702,9534,0,19,0,15425,0,291,C,T,99.87697487697488,T,mat_peptide,ACT,T,ATT,I,327.0,T327I,nsp4,nsp4B_TM; contains transmembrane domain 2 (TM2); produced by both pp1a and pp1ab
10199,10029,0,2,0,15664,0,69,C,T,99.98723349929784,T,mat_peptide,ACC,T,ATC,I,492.0,T492I,nsp4,nsp4B_TM; contains transmembrane domain 2 (TM2); produced by both pp1a and pp1ab
10369,10198,0,16,0,15423,0,296,C,T,99.89636634497053,T,mat_peptide,GAC,D,GAT,D,48.0,D48D,3C-like proteinase,"""nsp5A_3CLpro and nsp5B_3CLpro; main proteinase (Mpro); mediates cleavages downstream of nsp4. 3D structure of the SARSr-CoV homolog has been determined (Yang et al., 2003); produced by both pp1a and pp1ab"""
10619,10447,15723,0,2,0,1,9,G,A,99.98092331171308,A,mat_peptide,AGG,R,AGA,R,131.0,R131R,3C-like proteinase,"""nsp5A_3CLpro and nsp5B_3CLpro; main proteinase (Mpro); mediates cleavages downstream of nsp4. 3D structure of the SARSr-CoV homolog has been determined (Yang et al., 2003); produced by both pp1a and pp1ab"""
10621,10449,15720,2,0,0,1,12,C,A,99.98091967181836,A,mat_peptide,CCC,P,CAC,H,132.0,P132H,3C-like proteinase,"""nsp5A_3CLpro and nsp5B_3CLpro; main proteinase (Mpro); mediates cleavages downstream of nsp4. 3D structure of the SARSr-CoV homolog has been determined (Yang et al., 2003); produced by both pp1a and pp1ab"""
11217,11042,1,2,64,15594,0,74,G,T,99.57218568418365,T,mat_peptide,GTT,V,TTT,F,24.0,V24F,nsp6,nsp6_TM; putative transmembrane domain; produced by both pp1a and pp1ab
11918,11727,15384,0,53,0,0,298,G,A,99.6566690419123,A,mat_peptide,AGA,R,AAA,K,252.0,R252K,nsp6,nsp6_TM; putative transmembrane domain; produced by both pp1a and pp1ab
12986,12789,0,16,0,15650,0,69,C,T,99.89786799438274,T,mat_peptide,ACA,T,ATA,I,35.0,T35I,nsp9,ssRNA-binding protein; produced by both pp1a and pp1ab
13012,12815,0,23,0,15666,0,46,C,T,99.85340047166805,T,mat_peptide,CTG,L,TTG,L,44.0,L44L,nsp9,ssRNA-binding protein; produced by both pp1a and pp1ab
13077,12880,0,2,0,15591,0,142,C,T,99.98717373180274,T,mat_peptide,ATC,I,ATT,I,65.0,I65I,nsp9,ssRNA-binding protein; produced by both pp1a and pp1ab
13538,13339,0,15572,0,41,0,122,T,C,99.73739832191123,C,mat_peptide,AAT,N,AAC,N,105.0,N105N,nsp10,nsp10_CysHis; formerly known as growth-factor-like protein (GFL); produced by both pp1a and pp1ab
14612,14408,0,2,0,15728,0,5,C,T,99.98728544183089,T,mat_peptide,CCT,P,CTT,L,314.0,P314L,RNA-dependent RNA polymerase,nsp12; NiRAN and RdRp; produced by pp1ab only
15921,15714,0,1,1,15727,0,6,C,T,99.98728463347956,T,mat_peptide,CTC,L,CTT,L,749.0,L749L,RNA-dependent RNA polymerase,nsp12; NiRAN and RdRp; produced by pp1ab only
15963,15756,15680,0,0,22,0,33,T,A,99.85989045981404,A,mat_peptide,TCT,S,TCA,S,763.0,S763S,RNA-dependent RNA polymerase,nsp12; NiRAN and RdRp; produced by pp1ab only
17625,17410,0,1,0,15671,0,63,C,T,99.99361919346606,T,mat_peptide,CGT,R,TGT,C,392.0,R392C,helicase,"""nsp13_ZBD, nsp13_TB, and nsp_HEL1core; zinc-binding domain (ZD), NTPase/helicase domain (HEL), RNA 5'-triphosphatase; produced by pp1ab only"""
18378,18163,2,0,15585,0,0,148,A,G,99.98716879450824,G,mat_peptide,ATA,I,GTA,V,42.0,I42V,3'-to-5' exonuclease,nsp14A2_ExoN and nsp14B_NMT; produced by pp1ab only
18709,18492,14,0,15696,0,0,25,A,G,99.91088478676002,G,mat_peptide,CCA,P,CCG,P,151.0,P151P,3'-to-5' exonuclease,nsp14A2_ExoN and nsp14B_NMT; produced by pp1ab only
19111,18894,0,70,0,15558,0,107,C,T,99.5520859994881,T,mat_peptide,TGC,C,TGT,C,285.0,C285C,3'-to-5' exonuclease,nsp14A2_ExoN and nsp14B_NMT; produced by pp1ab only
20179,19955,0,2,0,15488,0,245,C,T,99.98708844415752,T,mat_peptide,ACT,T,ATT,I,112.0,T112I,endoRNAse,nsp15-A1 and nsp15B-NendoU; produced by pp1ab only
20283,20055,11,0,15530,1,0,193,A,G,99.92278985973492,G,mat_peptide,GAA,E,GAG,E,145.0,E145E,endoRNAse,nsp15-A1 and nsp15B-NendoU; produced by pp1ab only
21965,21618,0,115,0,12938,112,2570,C,T,98.27573110520319,T,CDS,ACA,T,ATA,I,19.0,T19I,surface glycoprotein,structural protein; spike protein
21972,21622,0,200,0,12769,13,2753,C,T,98.3592666769373,T,CDS,ACC,T,ACT,T,20.0,T20T,surface glycoprotein,structural protein; spike protein
21974,21624,0,12714,191,7,16,2807,G,C,98.34467821782178,C,CDS,AGA,R,ACA,T,21.0,R21T,surface glycoprotein,structural protein; spike protein
22135,21711,0,217,0,14259,0,1259,C,T,98.5009671179884,T,CDS,TCA,S,TTA,L,50.0,S50L,surface glycoprotein,structural protein; spike protein
22369,21941,0,0,82,15416,0,237,G,T,99.47089947089947,T,CDS,GTT,V,TTT,F,127.0,V127F,surface glycoprotein,structural protein; spike protein
22415,21987,15484,0,46,0,1,204,G,A,99.69737943467904,A,CDS,GGT,G,GAT,D,142.0,G142D,surface glycoprotein,structural protein; spike protein
22462,22032,0,14953,0,428,0,354,T,C,97.21734607632794,C,CDS,TTC,F,TCC,S,157.0,F157S,surface glycoprotein,structural protein; spike protein
22463,22033,14900,427,0,0,1,407,C,A,97.20772442588726,A,CDS,TTC,F,TTA,L,157.0,F157L,surface glycoprotein,structural protein; spike protein
22464,22034,167,0,14916,0,1,651,A,G,98.8862370723946,G,CDS,AGA,R,GGA,G,158.0,R158G,surface glycoprotein,structural protein; spike protein
22652,22200,43,0,15272,26,0,394,T,G,99.55022488755623,G,CDS,GTG,V,GGG,G,213.0,V213G,surface glycoprotein,structural protein; spike protein
22663,22208,0,59,0,15264,0,412,C,T,99.61495790641519,T,CDS,CTC,L,TTC,F,216.0,L216F,surface glycoprotein,structural protein; spike protein
22750,22295,15399,47,0,0,2,287,C,A,99.68280683583636,A,CDS,CAT,H,AAT,N,245.0,H245N,surface glycoprotein,structural protein; spike protein
22808,22353,15147,121,0,0,0,467,C,A,99.20749279538906,A,CDS,GCT,A,GAT,D,264.0,A264D,surface glycoprotein,structural protein; spike protein
23011,22556,38,0,15408,0,0,289,A,G,99.75398161336268,G,CDS,ATT,I,GTT,V,332.0,I332V,surface glycoprotein,structural protein; spike protein
23032,22577,0,15420,72,0,1,242,G,C,99.528819466856,C,CDS,GGT,G,CGT,R,339.0,G339R,surface glycoprotein,structural protein; spike protein
23033,22578,15479,1,15,0,0,240,G,A,99.89674088415617,A,CDS,GGT,G,GAT,D,339.0,G339D,surface glycoprotein,structural protein; spike protein
23084,22629,45,15243,0,1,0,446,A,C,99.6991300935313,C,CDS,AAG,K,ACG,T,356.0,K356T,surface glycoprotein,structural protein; spike protein
23129,22674,0,85,0,15239,0,411,C,T,99.44531453928478,T,CDS,TCC,S,TTC,F,371.0,S371F,surface glycoprotein,structural protein; spike protein
23134,22679,0,15314,0,38,0,383,T,C,99.75247524752476,C,CDS,TCA,S,CCA,P,373.0,S373P,surface glycoprotein,structural protein; spike protein
23142,22686,0,88,0,15151,1,495,C,T,99.41601049868767,T,CDS,TCC,S,TTC,F,375.0,S375F,surface glycoprotein,structural protein; spike protein
23144,22688,88,11,15149,4,0,483,A,G,99.32467873065828,G,CDS,ACT,T,GCT,A,376.0,T376A,surface glycoprotein,structural protein; spike protein
23226,22770,12522,0,330,0,3,2880,G,A,97.4095682613769,A,CDS,AGA,R,AAA,K,403.0,R403K,surface glycoprotein,structural protein; spike protein
23231,22775,15381,0,28,0,0,326,G,A,99.8182880134986,A,CDS,GAT,D,AAT,N,405.0,D405N,surface glycoprotein,structural protein; spike protein
23242,22786,230,15036,0,3,0,466,A,C,98.4740323531338,C,CDS,AGA,R,AGC,S,408.0,R408S,surface glycoprotein,structural protein; spike protein
23269,22813,0,0,126,14957,0,652,G,T,99.16462242259497,T,CDS,AAG,K,AAT,N,417.0,K417N,surface glycoprotein,structural protein; spike protein
23338,22882,0,0,14866,53,0,816,T,G,99.64474830752731,G,CDS,AAT,N,AAG,K,440.0,N440K,surface glycoprotein,structural protein; spike protein
23352,22895,0,14808,56,5,0,866,G,C,99.58975048759163,C,CDS,GTT,V,CTT,L,445.0,V445L,surface glycoprotein,structural protein; spike protein
23353,22896,14425,56,0,56,0,1198,T,A,99.22955217720299,A,CDS,GTT,V,GAT,D,445.0,V445D,surface glycoprotein,structural protein; spike protein
23355,22898,14508,1,54,0,0,1172,G,A,99.62233056375747,A,CDS,GGT,G,AGT,S,446.0,G446S,surface glycoprotein,structural protein; spike protein
23367,22910,116,0,14485,0,0,1134,A,G,99.20553386754332,G,CDS,AAT,N,GAT,D,450.0,N450D,surface glycoprotein,structural protein; spike protein
23373,22916,0,145,0,14297,0,1293,C,T,98.99598393574297,T,CDS,CTG,L,TTG,L,452.0,L452L,surface glycoprotein,structural protein; spike protein
23374,22917,0,0,14296,160,0,1279,T,G,98.89319313779745,G,CDS,CTG,L,CGG,R,452.0,L452R,surface glycoprotein,structural protein; spike protein
23383,22926,0,14752,0,209,0,774,T,C,98.6030345565136,C,CDS,TTG,L,TCG,S,455.0,L455S,surface glycoprotein,structural protein; spike protein
23399,22942,14865,0,55,109,0,706,T,A,98.908776365693,A,CDS,AAT,N,AAA,K,460.0,N460K,surface glycoprotein,structural protein; spike protein
23450,22992,14953,0,105,0,0,677,G,A,99.30269624120069,A,CDS,AGC,S,AAC,N,477.0,S477N,surface glycoprotein,structural protein; spike protein
23453,22995,14936,104,5,3,0,687,C,A,99.25571504518874,A,CDS,ACA,T,AAA,K,478.0,T478K,surface glycoprotein,structural protein; spike protein
23463,23005,14685,0,0,144,2,904,T,A,99.01557548378396,A,CDS,AAT,N,AAA,K,481.0,N481K,surface glycoprotein,structural protein; spike protein
23470,23012,13939,0,562,0,3,1231,G,A,96.10452289023718,A,CDS,GAA,E,AAA,K,484.0,E484K,surface glycoprotein,structural protein; spike protein
23476,23018,0,14611,1,77,0,1046,T,C,99.46899040098033,C,CDS,TTT,F,CTT,L,486.0,F486L,surface glycoprotein,structural protein; spike protein
23477,23019,1,14619,0,75,0,1040,T,C,99.48281728479074,C,CDS,TTT,F,TCT,S,486.0,F486S,surface glycoprotein,structural protein; spike protein
23513,23055,20,0,14707,0,0,1008,A,G,99.86419501595708,G,CDS,CAA,Q,CGA,R,498.0,Q498R,surface glycoprotein,structural protein; spike protein
23521,23063,18,0,0,14737,0,980,A,T,99.87800745509998,T,CDS,AAT,N,TAT,Y,501.0,N501Y,surface glycoprotein,structural protein; spike protein
23533,23075,0,14842,0,62,0,831,T,C,99.58400429414922,C,CDS,TAC,Y,CAC,H,505.0,Y505H,surface glycoprotein,structural protein; spike protein
23681,23222,15667,0,46,0,0,22,G,A,99.70724877489975,A,CDS,GAG,E,AAG,K,554.0,E554K,surface glycoprotein,structural protein; spike protein
23731,23271,0,7,0,15696,0,32,C,T,99.95542253072661,T,CDS,GCT,A,GTT,V,570.0,A570V,surface glycoprotein,structural protein; spike protein
23863,23403,7,0,15622,0,0,106,A,G,99.95521146586474,G,CDS,GAT,D,GGT,G,614.0,D614G,surface glycoprotein,structural protein; spike protein
23883,23423,1,16,0,15598,0,120,C,T,99.89113032340698,T,CDS,CCT,P,TCT,S,621.0,P621S,surface glycoprotein,structural protein; spike protein
23985,23525,0,3,0,15357,0,375,C,T,99.98046875,T,CDS,CAT,H,TAT,Y,655.0,H655Y,surface glycoprotein,structural protein; spike protein
24059,23599,29,3,15494,16,0,193,T,G,99.69115943893965,G,CDS,AAT,N,AAG,K,679.0,N679K,surface glycoprotein,structural protein; spike protein
24064,23604,101,6,15445,5,0,178,C,G,99.28006685093527,G,CDS,CCT,P,CGT,R,681.0,P681R,surface glycoprotein,structural protein; spike protein
24316,23854,15429,16,0,0,0,290,C,A,99.89640660407899,A,CDS,AAC,N,AAA,K,764.0,N764K,surface glycoprotein,structural protein; spike protein
24410,23948,0,1,5,15292,1,436,G,T,99.95424537551474,T,CDS,GAT,D,TAT,Y,796.0,D796Y,surface glycoprotein,structural protein; spike protein
24845,24378,0,73,0,15335,2,325,C,T,99.51330304996755,T,CDS,TCT,S,TTT,F,939.0,S939F,surface glycoprotein,structural protein; spike protein
24892,24424,6,1,0,15559,0,169,A,T,99.9550301940126,T,CDS,CAA,Q,CAT,H,954.0,Q954H,surface glycoprotein,structural protein; spike protein
24937,24469,15626,0,0,4,0,105,T,A,99.97440818937939,A,CDS,AAT,N,AAA,K,969.0,N969K,surface glycoprotein,structural protein; spike protein
25462,24990,0,12,0,15665,0,58,C,T,99.92345474261657,T,CDS,CCT,P,CTT,L,1143.0,P1143L,surface glycoprotein,structural protein; spike protein
25472,25000,0,8,0,15693,0,34,C,T,99.94904783134832,T,CDS,GAC,D,GAT,D,1146.0,D1146D,surface glycoprotein,structural protein; spike protein
25680,25207,0,17,0,15412,0,306,C,T,99.88981787542939,T,CDS,TAC,Y,TAT,Y,1215.0,Y1215Y,surface glycoprotein,structural protein; spike protein
26059,25584,1,1,0,15716,0,17,C,T,99.98727573482631,T,CDS,ACC,T,ACT,T,64.0,T64T,ORF3a protein,
26545,26060,0,11,0,15657,0,67,C,T,99.92979320908859,T,CDS,ACT,T,ATT,I,223.0,T223I,ORF3a protein,
26758,26270,0,16,0,15701,0,18,C,T,99.89819940192149,T,CDS,ACA,T,ATA,I,9.0,T9I,envelope protein,ORF4; structural protein; E protein
27020,26529,2,15155,369,8,1,200,G,C,97.55391052462183,C,CDS,GAT,D,CAT,H,3.0,D3H,membrane glycoprotein,ORF5; structural protein
27068,26577,0,61,15398,0,0,276,C,G,99.6054078530306,G,CDS,CAA,Q,GAA,E,19.0,Q19E,membrane glycoprotein,ORF5; structural protein
27101,26610,813,0,12630,0,0,2292,A,G,93.95224280294578,G,CDS,ACA,T,GCA,A,30.0,T30A,membrane glycoprotein,ORF5; structural protein
27173,26681,0,363,0,15142,0,230,C,T,97.65881973556917,T,CDS,TTC,F,TTT,F,53.0,F53F,membrane glycoprotein,ORF5; structural protein
27201,26709,15567,0,12,0,0,156,G,A,99.92297323319853,A,CDS,GCT,A,ACT,T,63.0,A63T,membrane glycoprotein,ORF5; structural protein
27326,26833,0,379,0,15209,0,147,C,T,97.56864254554786,T,CDS,GCG,A,GTG,V,104.0,A104V,membrane glycoprotein,ORF5; structural protein
27351,26858,0,61,0,15315,0,359,C,T,99.60327783558793,T,CDS,TTC,F,TTT,F,112.0,F112F,membrane glycoprotein,ORF5; structural protein
27762,27259,5,15677,0,2,0,51,A,C,99.95536852843662,C,CDS,AGG,R,CGG,R,20.0,R20R,ORF6 protein,
27895,27382,0,15543,6,2,1,183,G,C,99.94212962962963,C,CDS,GAT,D,CAT,H,61.0,D61H,ORF6 protein,
27896,27383,12,1,0,15483,0,239,A,T,99.91610738255034,T,CDS,GAT,D,GTT,V,61.0,D61V,ORF6 protein,
27897,27384,0,15515,0,26,0,194,T,C,99.83270059841709,C,CDS,GAT,D,GAC,D,61.0,D61D,ORF6 protein,
28326,27807,0,13,0,15654,0,68,C,T,99.91702304206294,T,CDS,CTA,L,TTA,L,18.0,L18L,ORF7b,
28329,27810,0,15238,0,415,0,82,T,C,97.34875103813965,C,CDS,TTC,F,CTC,L,19.0,F19L,ORF7b,
28820,28271,14,0,0,15703,1,17,A,T,99.90456801119736,T,source,TAA,*,TTA,L,9424.0,*9424L,,
28860,28311,0,3,0,15720,0,12,C,T,99.98091967181836,T,CDS,CCC,P,CTC,L,13.0,P13L,nucleocapsid phosphoprotein,ORF9; structural protein
29434,28881,15708,0,10,0,4,13,G,A,99.91095280498664,A,CDS,AGG,R,AAG,K,203.0,R203K,nucleocapsid phosphoprotein,ORF9; structural protein
29435,28882,15643,0,8,11,4,69,G,A,99.85318524192519,A,CDS,AGG,R,AGA,R,203.0,R203R,nucleocapsid phosphoprotein,ORF9; structural protein
29436,28883,2,15685,23,0,4,21,G,C,99.81545119002163,C,CDS,GGA,G,CGA,R,204.0,G204R,nucleocapsid phosphoprotein,ORF9; structural protein
29511,28958,15315,363,0,0,0,57,C,A,97.68465365480291,A,CDS,CAG,Q,AAG,K,229.0,Q229K,nucleocapsid phosphoprotein,ORF9; structural protein
30070,29510,9,15659,0,1,22,44,A,C,99.79606143649225,C,CDS,AGT,S,CGT,R,413.0,S413R,nucleocapsid phosphoprotein,ORF9; structural protein
